-- MariaDB dump 10.19  Distrib 10.6.12-MariaDB, for debian-linux-gnu (x86_64)
--
-- Host: localhost    Database: price_flare
-- ------------------------------------------------------
-- Server version	10.6.12-MariaDB-0ubuntu0.22.04.1

/*!40101 SET @OLD_CHARACTER_SET_CLIENT=@@CHARACTER_SET_CLIENT */;
/*!40101 SET @OLD_CHARACTER_SET_RESULTS=@@CHARACTER_SET_RESULTS */;
/*!40101 SET @OLD_COLLATION_CONNECTION=@@COLLATION_CONNECTION */;
/*!40101 SET NAMES utf8mb4 */;
/*!40103 SET @OLD_TIME_ZONE=@@TIME_ZONE */;
/*!40103 SET TIME_ZONE='+00:00' */;
/*!40014 SET @OLD_UNIQUE_CHECKS=@@UNIQUE_CHECKS, UNIQUE_CHECKS=0 */;
/*!40014 SET @OLD_FOREIGN_KEY_CHECKS=@@FOREIGN_KEY_CHECKS, FOREIGN_KEY_CHECKS=0 */;
/*!40101 SET @OLD_SQL_MODE=@@SQL_MODE, SQL_MODE='NO_AUTO_VALUE_ON_ZERO' */;
/*!40111 SET @OLD_SQL_NOTES=@@SQL_NOTES, SQL_NOTES=0 */;

--
-- Table structure for table `tbl_items`
--

DROP TABLE IF EXISTS `tbl_items`;
/*!40101 SET @saved_cs_client     = @@character_set_client */;
/*!40101 SET character_set_client = utf8 */;
CREATE TABLE `tbl_items` (
  `id` int(11) NOT NULL AUTO_INCREMENT,
  `code` varchar(255) NOT NULL,
  `item_name` varchar(255) NOT NULL,
  `unit_of_measure` varchar(255) DEFAULT NULL,
  PRIMARY KEY (`id`),
  UNIQUE KEY `item_name` (`item_name`)
) ENGINE=InnoDB AUTO_INCREMENT=4 DEFAULT CHARSET=utf8mb4 COLLATE=utf8mb4_unicode_ci;
/*!40101 SET character_set_client = @saved_cs_client */;

--
-- Dumping data for table `tbl_items`
--

LOCK TABLES `tbl_items` WRITE;
/*!40000 ALTER TABLE `tbl_items` DISABLE KEYS */;
INSERT INTO `tbl_items` VALUES (1,'Tomato','Tomato','Box'),(2,'Cassava','Cassava','Sack'),(3,'Maize','Maize','Kg');
/*!40000 ALTER TABLE `tbl_items` ENABLE KEYS */;
UNLOCK TABLES;

--
-- Table structure for table `tbl_markets`
--

DROP TABLE IF EXISTS `tbl_markets`;
/*!40101 SET @saved_cs_client     = @@character_set_client */;
/*!40101 SET character_set_client = utf8 */;
CREATE TABLE `tbl_markets` (
  `id` int(11) NOT NULL AUTO_INCREMENT,
  `code` varchar(255) NOT NULL,
  `market` varchar(255) NOT NULL,
  PRIMARY KEY (`id`),
  UNIQUE KEY `market` (`market`)
) ENGINE=InnoDB AUTO_INCREMENT=6 DEFAULT CHARSET=utf8mb4 COLLATE=utf8mb4_unicode_ci;
/*!40101 SET character_set_client = @saved_cs_client */;

--
-- Dumping data for table `tbl_markets`
--

LOCK TABLES `tbl_markets` WRITE;
/*!40000 ALTER TABLE `tbl_markets` DISABLE KEYS */;
INSERT INTO `tbl_markets` VALUES (1,'Natete','Natete'),(2,'Owino','Owino'),(3,'Nakasero','Nakasero'),(4,'Kalerwe','Kalerwe'),(5,'Kisenyi','Kisenyi');
/*!40000 ALTER TABLE `tbl_markets` ENABLE KEYS */;
UNLOCK TABLES;

--
-- Table structure for table `tbl_prices`
--

DROP TABLE IF EXISTS `tbl_prices`;
/*!40101 SET @saved_cs_client     = @@character_set_client */;
/*!40101 SET character_set_client = utf8 */;
CREATE TABLE `tbl_prices` (
  `id` int(11) NOT NULL AUTO_INCREMENT,
  `price` decimal(18,2) NOT NULL,
  `date` date NOT NULL,
  `created_on` datetime NOT NULL DEFAULT current_timestamp(),
  `item` int(11) NOT NULL,
  `market` int(11) NOT NULL,
  `session_id` varchar(500) DEFAULT NULL,
  `phone_number` varchar(50) DEFAULT NULL,
  `is_complete` varchar(1) DEFAULT NULL,
  PRIMARY KEY (`id`),
  KEY `item` (`item`),
  KEY `market` (`market`),
  CONSTRAINT `tbl_prices_ibfk_1` FOREIGN KEY (`item`) REFERENCES `tbl_items` (`id`),
  CONSTRAINT `tbl_prices_ibfk_2` FOREIGN KEY (`market`) REFERENCES `tbl_markets` (`id`)
) ENGINE=InnoDB AUTO_INCREMENT=549 DEFAULT CHARSET=utf8mb4 COLLATE=utf8mb4_unicode_ci;
/*!40101 SET character_set_client = @saved_cs_client */;

--
-- Dumping data for table `tbl_prices`
--

LOCK TABLES `tbl_prices` WRITE;
/*!40000 ALTER TABLE `tbl_prices` DISABLE KEYS */;
INSERT INTO `tbl_prices` VALUES (2,300.00,'2023-06-01','2024-01-23 10:44:29',3,5,NULL,NULL,NULL),(3,350.00,'2023-06-02','2024-01-23 10:44:29',3,5,NULL,NULL,NULL),(4,350.00,'2023-06-02','2024-01-23 10:44:29',3,5,NULL,NULL,NULL),(5,300.00,'2023-06-03','2024-01-23 10:44:29',3,5,NULL,NULL,NULL),(6,300.00,'2023-06-04','2024-01-23 10:44:29',3,5,NULL,NULL,NULL),(7,300.00,'2023-06-05','2024-01-23 10:44:29',3,5,NULL,NULL,NULL),(8,350.00,'2023-06-06','2024-01-23 10:44:29',3,5,NULL,NULL,NULL),(9,350.00,'2023-06-07','2024-01-23 10:44:29',3,5,NULL,NULL,NULL),(10,350.00,'2023-06-08','2024-01-23 10:44:29',3,5,NULL,NULL,NULL),(11,350.00,'2023-06-09','2024-01-23 10:44:29',3,5,NULL,NULL,NULL),(12,350.00,'2023-06-10','2024-01-23 10:44:29',3,5,NULL,NULL,NULL),(13,350.00,'2023-06-11','2024-01-23 10:44:29',3,5,NULL,NULL,NULL),(14,350.00,'2023-06-12','2024-01-23 10:44:29',3,5,NULL,NULL,NULL),(15,400.00,'2023-06-13','2024-01-23 10:44:29',3,5,NULL,NULL,NULL),(16,400.00,'2023-06-14','2024-01-23 10:44:29',3,5,NULL,NULL,NULL),(17,400.00,'2023-06-15','2024-01-23 10:44:29',3,5,NULL,NULL,NULL),(18,400.00,'2023-06-16','2024-01-23 10:44:29',3,5,NULL,NULL,NULL),(19,400.00,'2023-06-17','2024-01-23 10:44:29',3,5,NULL,NULL,NULL),(20,400.00,'2023-06-18','2024-01-23 10:44:29',3,5,NULL,NULL,NULL),(21,400.00,'2023-06-19','2024-01-23 10:44:29',3,5,NULL,NULL,NULL),(22,400.00,'2023-06-20','2024-01-23 10:44:29',3,5,NULL,NULL,NULL),(23,400.00,'2023-06-21','2024-01-23 10:44:29',3,5,NULL,NULL,NULL),(24,400.00,'2023-06-22','2024-01-23 10:44:29',3,5,NULL,NULL,NULL),(25,400.00,'2023-06-23','2024-01-23 10:44:29',3,5,NULL,NULL,NULL),(26,400.00,'2023-06-24','2024-01-23 10:44:29',3,5,NULL,NULL,NULL),(27,400.00,'2023-06-25','2024-01-23 10:44:29',3,5,NULL,NULL,NULL),(28,400.00,'2023-06-26','2024-01-23 10:44:29',3,5,NULL,NULL,NULL),(29,400.00,'2023-06-27','2024-01-23 10:44:29',3,5,NULL,NULL,NULL),(30,400.00,'2023-06-28','2024-01-23 10:44:29',3,5,NULL,NULL,NULL),(31,380.00,'2023-06-29','2024-01-23 10:44:29',3,5,NULL,NULL,NULL),(32,380.00,'2023-06-30','2024-01-23 10:44:29',3,5,NULL,NULL,NULL),(33,380.00,'2023-07-01','2024-01-23 10:44:29',3,5,NULL,NULL,NULL),(34,500.00,'2023-07-02','2024-01-23 10:44:29',3,5,NULL,NULL,NULL),(35,500.00,'2023-07-03','2024-01-23 10:44:29',3,5,NULL,NULL,NULL),(36,500.00,'2023-07-04','2024-01-23 10:44:29',3,5,NULL,NULL,NULL),(37,500.00,'2023-07-05','2024-01-23 10:44:29',3,5,NULL,NULL,NULL),(38,500.00,'2023-07-06','2024-01-23 10:44:29',3,5,NULL,NULL,NULL),(39,480.00,'2023-07-07','2024-01-23 10:44:29',3,5,NULL,NULL,NULL),(40,480.00,'2023-07-08','2024-01-23 10:44:29',3,5,NULL,NULL,NULL),(41,500.00,'2023-07-09','2024-01-23 10:44:29',3,5,NULL,NULL,NULL),(42,510.00,'2023-07-10','2024-01-23 10:44:29',3,5,NULL,NULL,NULL),(43,510.00,'2023-07-11','2024-01-23 10:44:29',3,5,NULL,NULL,NULL),(44,510.00,'2023-07-12','2024-01-23 10:44:29',3,5,NULL,NULL,NULL),(45,510.00,'2023-07-13','2024-01-23 10:44:29',3,5,NULL,NULL,NULL),(46,510.00,'2023-07-14','2024-01-23 10:44:29',3,5,NULL,NULL,NULL),(47,510.00,'2023-07-15','2024-01-23 10:44:29',3,5,NULL,NULL,NULL),(48,510.00,'2023-07-16','2024-01-23 10:44:29',3,5,NULL,NULL,NULL),(49,500.00,'2023-07-17','2024-01-23 10:44:29',3,5,NULL,NULL,NULL),(50,500.00,'2023-07-18','2024-01-23 10:44:29',3,5,NULL,NULL,NULL),(51,500.00,'2023-07-19','2024-01-23 10:44:29',3,5,NULL,NULL,NULL),(52,500.00,'2023-07-20','2024-01-23 10:44:29',3,5,NULL,NULL,NULL),(53,500.00,'2023-07-21','2024-01-23 10:44:29',3,5,NULL,NULL,NULL),(54,500.00,'2023-07-22','2024-01-23 10:44:29',3,5,NULL,NULL,NULL),(55,500.00,'2023-07-23','2024-01-23 10:44:29',3,5,NULL,NULL,NULL),(56,500.00,'2023-07-24','2024-01-23 10:44:29',3,5,NULL,NULL,NULL),(57,500.00,'2023-07-25','2024-01-23 10:44:29',3,5,NULL,NULL,NULL),(58,500.00,'2023-07-26','2024-01-23 10:44:29',3,5,NULL,NULL,NULL),(59,500.00,'2023-07-27','2024-01-23 10:44:29',3,5,NULL,NULL,NULL),(60,500.00,'2023-07-28','2024-01-23 10:44:29',3,5,NULL,NULL,NULL),(61,500.00,'2023-07-29','2024-01-23 10:44:29',3,5,NULL,NULL,NULL),(62,500.00,'2023-07-30','2024-01-23 10:44:29',3,5,NULL,NULL,NULL),(63,510.00,'2023-07-31','2024-01-23 10:44:29',3,5,NULL,NULL,NULL),(64,500.00,'2023-08-01','2024-01-23 10:44:29',3,5,NULL,NULL,NULL),(65,500.00,'2023-08-02','2024-01-23 10:44:29',3,5,NULL,NULL,NULL),(66,500.00,'2023-08-03','2024-01-23 10:44:29',3,5,NULL,NULL,NULL),(67,500.00,'2023-08-04','2024-01-23 10:44:29',3,5,NULL,NULL,NULL),(68,500.00,'2023-08-05','2024-01-23 10:44:29',3,5,NULL,NULL,NULL),(69,500.00,'2023-08-06','2024-01-23 10:44:29',3,5,NULL,NULL,NULL),(70,500.00,'2023-08-07','2024-01-23 10:44:29',3,5,NULL,NULL,NULL),(71,500.00,'2023-08-08','2024-01-23 10:44:29',3,5,NULL,NULL,NULL),(72,500.00,'2023-08-09','2024-01-23 10:44:29',3,5,NULL,NULL,NULL),(73,510.00,'2023-08-10','2024-01-23 10:44:29',3,5,NULL,NULL,NULL),(74,510.00,'2023-08-11','2024-01-23 10:44:29',3,5,NULL,NULL,NULL),(75,510.00,'2023-08-12','2024-01-23 10:44:29',3,5,NULL,NULL,NULL),(76,510.00,'2023-08-13','2024-01-23 10:44:29',3,5,NULL,NULL,NULL),(77,510.00,'2023-08-14','2024-01-23 10:44:29',3,5,NULL,NULL,NULL),(78,510.00,'2023-08-15','2024-01-23 10:44:29',3,5,NULL,NULL,NULL),(79,510.00,'2023-08-16','2024-01-23 10:44:29',3,5,NULL,NULL,NULL),(80,500.00,'2023-08-17','2024-01-23 10:44:29',3,5,NULL,NULL,NULL),(81,500.00,'2023-08-18','2024-01-23 10:44:29',3,5,NULL,NULL,NULL),(82,500.00,'2023-08-19','2024-01-23 10:44:29',3,5,NULL,NULL,NULL),(83,500.00,'2023-08-20','2024-01-23 10:44:29',3,5,NULL,NULL,NULL),(84,500.00,'2023-08-21','2024-01-23 10:44:29',3,5,NULL,NULL,NULL),(85,500.00,'2023-08-22','2024-01-23 10:44:29',3,5,NULL,NULL,NULL),(86,500.00,'2023-08-23','2024-01-23 10:44:29',3,5,NULL,NULL,NULL),(87,500.00,'2023-08-24','2024-01-23 10:44:29',3,5,NULL,NULL,NULL),(88,500.00,'2023-08-25','2024-01-23 10:44:29',3,5,NULL,NULL,NULL),(89,500.00,'2023-08-26','2024-01-23 10:44:29',3,5,NULL,NULL,NULL),(90,500.00,'2023-08-27','2024-01-23 10:44:29',3,5,NULL,NULL,NULL),(91,500.00,'2023-08-28','2024-01-23 10:44:29',3,5,NULL,NULL,NULL),(92,500.00,'2023-08-29','2024-01-23 10:44:29',3,5,NULL,NULL,NULL),(93,500.00,'2023-08-30','2024-01-23 10:44:29',3,5,NULL,NULL,NULL),(94,500.00,'2023-08-31','2024-01-23 10:44:29',3,5,NULL,NULL,NULL),(95,540.00,'2023-09-01','2024-01-23 10:44:29',3,5,NULL,NULL,NULL),(96,550.00,'2023-09-02','2024-01-23 10:44:29',3,5,NULL,NULL,NULL),(97,550.00,'2023-09-03','2024-01-23 10:44:29',3,5,NULL,NULL,NULL),(98,540.00,'2023-09-04','2024-01-23 10:44:29',3,5,NULL,NULL,NULL),(99,550.00,'2023-09-05','2024-01-23 10:44:29',3,5,NULL,NULL,NULL),(100,600.00,'2023-09-06','2024-01-23 10:44:29',3,5,NULL,NULL,NULL),(101,550.00,'2023-09-07','2024-01-23 10:44:29',3,5,NULL,NULL,NULL),(102,550.00,'2023-09-09','2024-01-23 10:44:29',3,5,NULL,NULL,NULL),(103,550.00,'2023-09-09','2024-01-23 10:44:29',3,5,NULL,NULL,NULL),(104,550.00,'2023-09-10','2024-01-23 10:44:29',3,5,NULL,NULL,NULL),(105,550.00,'2023-09-11','2024-01-23 10:44:29',3,5,NULL,NULL,NULL),(106,550.00,'2023-09-12','2024-01-23 10:44:29',3,5,NULL,NULL,NULL),(107,550.00,'2023-09-13','2024-01-23 10:44:29',3,5,NULL,NULL,NULL),(108,550.00,'2023-09-14','2024-01-23 10:44:29',3,5,NULL,NULL,NULL),(109,550.00,'2023-09-15','2024-01-23 10:44:29',3,5,NULL,NULL,NULL),(110,550.00,'2023-09-16','2024-01-23 10:44:29',3,5,NULL,NULL,NULL),(111,550.00,'2023-09-17','2024-01-23 10:44:29',3,5,NULL,NULL,NULL),(112,550.00,'2023-09-18','2024-01-23 10:44:29',3,5,NULL,NULL,NULL),(113,550.00,'2023-09-19','2024-01-23 10:44:29',3,5,NULL,NULL,NULL),(114,550.00,'2023-09-20','2024-01-23 10:44:29',3,5,NULL,NULL,NULL),(115,550.00,'2023-09-21','2024-01-23 10:44:29',3,5,NULL,NULL,NULL),(116,550.00,'2023-09-22','2024-01-23 10:44:29',3,5,NULL,NULL,NULL),(117,550.00,'2023-09-23','2024-01-23 10:44:29',3,5,NULL,NULL,NULL),(118,550.00,'2023-09-24','2024-01-23 10:44:29',3,5,NULL,NULL,NULL),(119,550.00,'2023-09-25','2024-01-23 10:44:29',3,5,NULL,NULL,NULL),(120,550.00,'2023-09-26','2024-01-23 10:44:29',3,5,NULL,NULL,NULL),(121,550.00,'2023-09-27','2024-01-23 10:44:29',3,5,NULL,NULL,NULL),(122,550.00,'2023-09-28','2024-01-23 10:44:29',3,5,NULL,NULL,NULL),(123,550.00,'2023-09-29','2024-01-23 10:44:29',3,5,NULL,NULL,NULL),(124,550.00,'2023-09-30','2024-01-23 10:44:29',3,5,NULL,NULL,NULL),(125,600.00,'2023-10-01','2024-01-23 10:44:29',3,5,NULL,NULL,NULL),(126,600.00,'2023-10-02','2024-01-23 10:44:29',3,5,NULL,NULL,NULL),(127,600.00,'2023-10-03','2024-01-23 10:44:29',3,5,NULL,NULL,NULL),(128,600.00,'2023-10-04','2024-01-23 10:44:29',3,5,NULL,NULL,NULL),(129,600.00,'2023-10-05','2024-01-23 10:44:29',3,5,NULL,NULL,NULL),(130,600.00,'2023-10-06','2024-01-23 10:44:29',3,5,NULL,NULL,NULL),(131,600.00,'2023-10-07','2024-01-23 10:44:29',3,5,NULL,NULL,NULL),(132,600.00,'2023-10-10','2024-01-23 10:44:29',3,5,NULL,NULL,NULL),(133,600.00,'2023-10-10','2024-01-23 10:44:29',3,5,NULL,NULL,NULL),(134,600.00,'2023-10-10','2024-01-23 10:44:29',3,5,NULL,NULL,NULL),(135,600.00,'2023-10-11','2024-01-23 10:44:29',3,5,NULL,NULL,NULL),(136,600.00,'2023-10-12','2024-01-23 10:44:29',3,5,NULL,NULL,NULL),(137,600.00,'2023-10-13','2024-01-23 10:44:29',3,5,NULL,NULL,NULL),(138,600.00,'2023-10-14','2024-01-23 10:44:29',3,5,NULL,NULL,NULL),(139,600.00,'2023-10-15','2024-01-23 10:44:29',3,5,NULL,NULL,NULL),(140,600.00,'2023-10-16','2024-01-23 10:44:29',3,5,NULL,NULL,NULL),(141,600.00,'2023-10-17','2024-01-23 10:44:29',3,5,NULL,NULL,NULL),(142,600.00,'2023-10-18','2024-01-23 10:44:29',3,5,NULL,NULL,NULL),(143,600.00,'2023-10-19','2024-01-23 10:44:29',3,5,NULL,NULL,NULL),(144,600.00,'2023-10-20','2024-01-23 10:44:29',3,5,NULL,NULL,NULL),(145,600.00,'2023-10-21','2024-01-23 10:44:29',3,5,NULL,NULL,NULL),(146,600.00,'2023-10-22','2024-01-23 10:44:29',3,5,NULL,NULL,NULL),(147,600.00,'2023-10-23','2024-01-23 10:44:29',3,5,NULL,NULL,NULL),(148,600.00,'2023-10-24','2024-01-23 10:44:29',3,5,NULL,NULL,NULL),(149,600.00,'2023-10-25','2024-01-23 10:44:29',3,5,NULL,NULL,NULL),(150,600.00,'2023-10-26','2024-01-23 10:44:29',3,5,NULL,NULL,NULL),(151,600.00,'2023-10-27','2024-01-23 10:44:29',3,5,NULL,NULL,NULL),(152,600.00,'2023-10-28','2024-01-23 10:44:29',3,5,NULL,NULL,NULL),(153,600.00,'2023-10-29','2024-01-23 10:44:29',3,5,NULL,NULL,NULL),(154,600.00,'2023-10-30','2024-01-23 10:44:29',3,5,NULL,NULL,NULL),(155,600.00,'2023-10-31','2024-01-23 10:44:29',3,5,NULL,NULL,NULL),(156,600.00,'2023-11-01','2024-01-23 10:44:29',3,5,NULL,NULL,NULL),(157,600.00,'2023-11-02','2024-01-23 10:44:29',3,5,NULL,NULL,NULL),(158,600.00,'2023-11-03','2024-01-23 10:44:29',3,5,NULL,NULL,NULL),(159,600.00,'2023-11-04','2024-01-23 10:44:29',3,5,NULL,NULL,NULL),(160,600.00,'2023-11-05','2024-01-23 10:44:29',3,5,NULL,NULL,NULL),(161,600.00,'2023-11-06','2024-01-23 10:44:29',3,5,NULL,NULL,NULL),(162,600.00,'2023-11-07','2024-01-23 10:44:29',3,5,NULL,NULL,NULL),(163,600.00,'2023-11-08','2024-01-23 10:44:29',3,5,NULL,NULL,NULL),(164,600.00,'2023-11-09','2024-01-23 10:44:29',3,5,NULL,NULL,NULL),(165,600.00,'2023-11-10','2024-01-23 10:44:29',3,5,NULL,NULL,NULL),(166,600.00,'2023-11-11','2024-01-23 10:44:29',3,5,NULL,NULL,NULL),(167,600.00,'2023-11-12','2024-01-23 10:44:29',3,5,NULL,NULL,NULL),(168,600.00,'2023-11-13','2024-01-23 10:44:29',3,5,NULL,NULL,NULL),(169,600.00,'2023-11-14','2024-01-23 10:44:29',3,5,NULL,NULL,NULL),(170,600.00,'2023-11-15','2024-01-23 10:44:29',3,5,NULL,NULL,NULL),(171,600.00,'2023-11-16','2024-01-23 10:44:29',3,5,NULL,NULL,NULL),(172,600.00,'2023-11-17','2024-01-23 10:44:29',3,5,NULL,NULL,NULL),(173,600.00,'2023-11-18','2024-01-23 10:44:29',3,5,NULL,NULL,NULL),(174,600.00,'2023-11-19','2024-01-23 10:44:29',3,5,NULL,NULL,NULL),(175,600.00,'2023-11-20','2024-01-23 10:44:29',3,5,NULL,NULL,NULL),(176,600.00,'2023-11-21','2024-01-23 10:44:29',3,5,NULL,NULL,NULL),(177,600.00,'2023-11-22','2024-01-23 10:44:29',3,5,NULL,NULL,NULL),(178,600.00,'2023-11-23','2024-01-23 10:44:29',3,5,NULL,NULL,NULL),(179,600.00,'2023-11-24','2024-01-23 10:44:29',3,5,NULL,NULL,NULL),(180,600.00,'2023-11-25','2024-01-23 10:44:29',3,5,NULL,NULL,NULL),(181,600.00,'2023-11-26','2024-01-23 10:44:29',3,5,NULL,NULL,NULL),(182,600.00,'2023-11-27','2024-01-23 10:44:29',3,5,NULL,NULL,NULL),(183,600.00,'2023-11-28','2024-01-23 10:44:29',3,5,NULL,NULL,NULL),(184,600.00,'2023-11-29','2024-01-23 10:44:29',3,5,NULL,NULL,NULL),(185,600.00,'2023-11-30','2024-01-23 10:44:29',3,5,NULL,NULL,NULL),(186,600.00,'2023-11-30','2024-01-23 10:44:29',3,5,NULL,NULL,NULL),(188,270000.00,'2023-06-01','2024-01-23 10:44:29',1,1,'011111111112','+256752091697','1'),(189,270000.00,'2023-06-02','2024-01-23 10:44:29',1,1,'011111111112','+256752091697','1'),(190,270000.00,'2023-06-03','2024-01-23 10:44:29',1,1,'011111111112','+256752091697','1'),(191,270000.00,'2023-06-04','2024-01-23 10:44:29',1,1,'011111111112','+256752091697','1'),(192,270000.00,'2023-06-05','2024-01-23 10:44:29',1,1,'011111111112','+256752091697','1'),(193,270000.00,'2023-06-06','2024-01-23 10:44:29',1,1,'011111111112','+256752091697','1'),(194,270000.00,'2023-06-07','2024-01-23 10:44:29',1,1,'011111111112','+256752091697','1'),(195,270000.00,'2023-06-08','2024-01-23 10:44:29',1,1,'011111111112','+256752091697','1'),(196,270000.00,'2023-06-09','2024-01-23 10:44:29',1,1,'011111111112','+256752091697','1'),(197,270000.00,'2023-06-10','2024-01-23 10:44:29',1,1,'011111111112','+256752091697','1'),(198,270000.00,'2023-06-11','2024-01-23 10:44:29',1,1,'011111111112','+256752091697','1'),(199,270000.00,'2023-06-12','2024-01-23 10:44:29',1,1,'011111111112','+256752091697','1'),(200,270000.00,'2023-06-13','2024-01-23 10:44:29',1,1,'011111111112','+256752091697','1'),(201,270000.00,'2023-06-14','2024-01-23 10:44:29',1,1,'011111111112','+256752091697','1'),(202,270000.00,'2023-06-15','2024-01-23 10:44:29',1,1,'011111111112','+256752091697','1'),(203,270000.00,'2023-06-16','2024-01-23 10:44:29',1,1,'011111111112','+256752091697','1'),(204,270000.00,'2023-06-17','2024-01-23 10:44:29',1,1,'011111111112','+256752091697','1'),(205,270000.00,'2023-06-18','2024-01-23 10:44:29',1,1,'011111111112','+256752091697','1'),(206,270000.00,'2023-06-19','2024-01-23 10:44:29',1,1,'011111111112','+256752091697','1'),(207,270000.00,'2023-06-20','2024-01-23 10:44:29',1,1,'011111111112','+256752091697','1'),(208,270000.00,'2023-06-21','2024-01-23 10:44:29',1,1,'011111111112','+256752091697','1'),(209,270000.00,'2023-06-22','2024-01-23 10:44:29',1,1,'011111111112','+256752091697','1'),(210,270000.00,'2023-06-23','2024-01-23 10:44:29',1,1,'011111111112','+256752091697','1'),(211,270000.00,'2023-06-24','2024-01-23 10:44:29',1,1,'011111111112','+256752091697','1'),(212,270000.00,'2023-06-25','2024-01-23 10:44:29',1,1,'011111111112','+256752091697','1'),(213,270000.00,'2023-06-26','2024-01-23 10:44:29',1,1,'011111111112','+256752091697','1'),(214,270000.00,'2023-06-27','2024-01-23 10:44:29',1,1,'011111111112','+256752091697','1'),(215,270000.00,'2023-06-28','2024-01-23 10:44:29',1,1,'011111111112','+256752091697','1'),(216,270000.00,'2023-06-29','2024-01-23 10:44:29',1,1,'011111111112','+256752091697','1'),(217,270000.00,'2023-06-30','2024-01-23 10:44:29',1,1,'011111111112','+256752091697','1'),(218,250000.00,'2023-07-01','2024-01-23 10:44:29',1,1,'011111111113','+256752091697','1'),(219,250000.00,'2023-07-02','2024-01-23 10:44:29',1,1,'011111111114','+256752091697','1'),(220,250000.00,'2023-07-03','2024-01-23 10:44:29',1,1,'011111111115','+256752091697','1'),(221,250000.00,'2023-07-04','2024-01-23 10:44:29',1,1,'011111111116','+256752091697','1'),(222,250000.00,'2023-07-05','2024-01-23 10:44:29',1,1,'011111111117','+256752091697','1'),(223,250000.00,'2023-07-06','2024-01-23 10:44:29',1,1,'011111111118','+256752091697','1'),(224,250000.00,'2023-07-07','2024-01-23 10:44:29',1,1,'011111111119','+256752091697','1'),(225,250000.00,'2023-07-08','2024-01-23 10:44:29',1,1,'011111111120','+256752091697','1'),(226,250000.00,'2023-07-09','2024-01-23 10:44:29',1,1,'011111111121','+256752091697','1'),(227,250000.00,'2023-07-10','2024-01-23 10:44:29',1,1,'011111111122','+256752091697','1'),(228,250000.00,'2023-07-11','2024-01-23 10:44:29',1,1,'011111111123','+256752091697','1'),(229,250000.00,'2023-07-12','2024-01-23 10:44:29',1,1,'011111111124','+256752091697','1'),(230,250000.00,'2023-07-13','2024-01-23 10:44:29',1,1,'011111111125','+256752091697','1'),(231,250000.00,'2023-07-14','2024-01-23 10:44:29',1,1,'011111111126','+256752091697','1'),(232,250000.00,'2023-07-15','2024-01-23 10:44:29',1,1,'011111111127','+256752091697','1'),(233,250000.00,'2023-07-16','2024-01-23 10:44:29',1,1,'011111111128','+256752091697','1'),(234,250000.00,'2023-07-17','2024-01-23 10:44:29',1,1,'011111111129','+256752091697','1'),(235,250000.00,'2023-07-18','2024-01-23 10:44:29',1,1,'011111111130','+256752091697','1'),(236,250000.00,'2023-07-19','2024-01-23 10:44:29',1,1,'011111111131','+256752091697','1'),(237,250000.00,'2023-07-20','2024-01-23 10:44:29',1,1,'011111111132','+256752091697','1'),(238,250000.00,'2023-07-21','2024-01-23 10:44:29',1,1,'011111111133','+256752091697','1'),(239,250000.00,'2023-07-22','2024-01-23 10:44:29',1,1,'011111111134','+256752091697','1'),(240,250000.00,'2023-07-23','2024-01-23 10:44:29',1,1,'011111111135','+256752091697','1'),(241,250000.00,'2023-07-24','2024-01-23 10:44:29',1,1,'011111111136','+256752091697','1'),(242,250000.00,'2023-07-25','2024-01-23 10:44:29',1,1,'011111111137','+256752091697','1'),(243,250000.00,'2023-07-26','2024-01-23 10:44:29',1,1,'011111111138','+256752091697','1'),(244,250000.00,'2023-07-27','2024-01-23 10:44:29',1,1,'011111111139','+256752091697','1'),(245,250000.00,'2023-07-28','2024-01-23 10:44:29',1,1,'011111111140','+256752091697','1'),(246,250000.00,'2023-07-29','2024-01-23 10:44:29',1,1,'011111111141','+256752091697','1'),(247,250000.00,'2023-07-30','2024-01-23 10:44:29',1,1,'011111111142','+256752091697','1'),(248,250000.00,'2023-07-31','2024-01-23 10:44:29',1,1,'011111111143','+256752091697','1'),(249,200000.00,'2023-08-01','2024-01-23 10:44:29',1,1,'011111111113','+256752091697','1'),(250,200000.00,'2023-08-02','2024-01-23 10:44:29',1,1,'011111111114','+256752091697','1'),(251,200000.00,'2023-08-03','2024-01-23 10:44:29',1,1,'011111111115','+256752091697','1'),(252,200000.00,'2023-08-04','2024-01-23 10:44:29',1,1,'011111111116','+256752091697','1'),(253,200000.00,'2023-08-05','2024-01-23 10:44:29',1,1,'011111111117','+256752091697','1'),(254,200000.00,'2023-08-06','2024-01-23 10:44:29',1,1,'011111111118','+256752091697','1'),(255,200000.00,'2023-08-07','2024-01-23 10:44:29',1,1,'011111111119','+256752091697','1'),(256,200000.00,'2023-08-08','2024-01-23 10:44:29',1,1,'011111111120','+256752091697','1'),(257,200000.00,'2023-08-09','2024-01-23 10:44:29',1,1,'011111111121','+256752091697','1'),(258,200000.00,'2023-08-10','2024-01-23 10:44:29',1,1,'011111111122','+256752091697','1'),(259,200000.00,'2023-08-11','2024-01-23 10:44:29',1,1,'011111111123','+256752091697','1'),(260,200000.00,'2023-08-12','2024-01-23 10:44:29',1,1,'011111111124','+256752091697','1'),(261,200000.00,'2023-08-13','2024-01-23 10:44:29',1,1,'011111111125','+256752091697','1'),(262,200000.00,'2023-08-14','2024-01-23 10:44:29',1,1,'011111111126','+256752091697','1'),(263,200000.00,'2023-08-15','2024-01-23 10:44:29',1,1,'011111111127','+256752091697','1'),(264,200000.00,'2023-08-16','2024-01-23 10:44:29',1,1,'011111111128','+256752091697','1'),(265,200000.00,'2023-08-17','2024-01-23 10:44:29',1,1,'011111111129','+256752091697','1'),(266,200000.00,'2023-08-18','2024-01-23 10:44:29',1,1,'011111111130','+256752091697','1'),(267,200000.00,'2023-08-19','2024-01-23 10:44:29',1,1,'011111111131','+256752091697','1'),(268,200000.00,'2023-08-20','2024-01-23 10:44:29',1,1,'011111111132','+256752091697','1'),(269,200000.00,'2023-08-21','2024-01-23 10:44:29',1,1,'011111111133','+256752091697','1'),(270,200000.00,'2023-08-22','2024-01-23 10:44:29',1,1,'011111111134','+256752091697','1'),(271,200000.00,'2023-08-23','2024-01-23 10:44:29',1,1,'011111111135','+256752091697','1'),(272,200000.00,'2023-08-24','2024-01-23 10:44:29',1,1,'011111111136','+256752091697','1'),(273,200000.00,'2023-08-25','2024-01-23 10:44:29',1,1,'011111111137','+256752091697','1'),(274,200000.00,'2023-08-26','2024-01-23 10:44:29',1,1,'011111111138','+256752091697','1'),(275,200000.00,'2023-08-27','2024-01-23 10:44:29',1,1,'011111111139','+256752091697','1'),(276,200000.00,'2023-08-28','2024-01-23 10:44:29',1,1,'011111111140','+256752091697','1'),(277,200000.00,'2023-08-29','2024-01-23 10:44:29',1,1,'011111111141','+256752091697','1'),(278,200000.00,'2023-08-30','2024-01-23 10:44:29',1,1,'011111111142','+256752091697','1'),(279,200000.00,'2023-09-01','2024-01-23 10:44:29',1,1,'011111111113','+256752091697','1'),(280,200000.00,'2023-09-02','2024-01-23 10:44:29',1,1,'011111111114','+256752091697','1'),(281,220000.00,'2023-09-03','2024-01-23 10:44:29',1,1,'011111111115','+256752091697','1'),(282,220000.00,'2023-09-04','2024-01-23 10:44:29',1,1,'011111111116','+256752091697','1'),(283,230000.00,'2023-09-05','2024-01-23 10:44:29',1,1,'011111111117','+256752091697','1'),(284,200000.00,'2023-09-06','2024-01-23 10:44:29',1,1,'011111111118','+256752091697','1'),(285,200000.00,'2023-09-07','2024-01-23 10:44:29',1,1,'011111111119','+256752091697','1'),(286,200000.00,'2023-09-08','2024-01-23 10:44:29',1,1,'011111111120','+256752091697','1'),(287,200000.00,'2023-09-09','2024-01-23 10:44:29',1,1,'011111111121','+256752091697','1'),(288,200000.00,'2023-09-10','2024-01-23 10:44:29',1,1,'011111111122','+256752091697','1'),(289,200000.00,'2023-09-11','2024-01-23 10:44:29',1,1,'011111111123','+256752091697','1'),(290,240000.00,'2023-09-12','2024-01-23 10:44:29',1,1,'011111111124','+256752091697','1'),(291,200000.00,'2023-09-13','2024-01-23 10:44:29',1,1,'011111111125','+256752091697','1'),(292,200000.00,'2023-09-14','2024-01-23 10:44:29',1,1,'011111111126','+256752091697','1'),(293,200000.00,'2023-09-15','2024-01-23 10:44:29',1,1,'011111111127','+256752091697','1'),(294,200000.00,'2023-09-16','2024-01-23 10:44:29',1,1,'011111111128','+256752091697','1'),(295,200000.00,'2023-09-17','2024-01-23 10:44:29',1,1,'011111111129','+256752091697','1'),(296,200000.00,'2023-09-18','2024-01-23 10:44:29',1,1,'011111111130','+256752091697','1'),(297,200000.00,'2023-09-19','2024-01-23 10:44:29',1,1,'011111111131','+256752091697','1'),(298,200000.00,'2023-09-20','2024-01-23 10:44:29',1,1,'011111111132','+256752091697','1'),(299,200000.00,'2023-09-21','2024-01-23 10:44:29',1,1,'011111111133','+256752091697','1'),(300,200000.00,'2023-09-22','2024-01-23 10:44:29',1,1,'011111111134','+256752091697','1'),(301,200000.00,'2023-09-23','2024-01-23 10:44:29',1,1,'011111111135','+256752091697','1'),(302,200000.00,'2023-09-24','2024-01-23 10:44:29',1,1,'011111111136','+256752091697','1'),(303,200000.00,'2023-09-25','2024-01-23 10:44:29',1,1,'011111111137','+256752091697','1'),(304,200000.00,'2023-09-26','2024-01-23 10:44:29',1,1,'011111111138','+256752091697','1'),(305,190000.00,'2023-09-27','2024-01-23 10:44:29',1,1,'011111111139','+256752091697','1'),(306,190000.00,'2023-09-28','2024-01-23 10:44:29',1,1,'011111111140','+256752091697','1'),(307,190000.00,'2023-09-29','2024-01-23 10:44:29',1,1,'011111111141','+256752091697','1'),(308,190000.00,'2023-09-30','2024-01-23 10:44:29',1,1,'011111111142','+256752091697','1'),(309,190000.00,'2023-10-01','2024-01-23 10:44:29',1,1,'011111111113','+256752091697','1'),(310,190000.00,'2023-10-02','2024-01-23 10:44:29',1,1,'011111111114','+256752091697','1'),(311,190000.00,'2023-10-03','2024-01-23 10:44:29',1,1,'011111111115','+256752091697','1'),(312,190000.00,'2023-10-04','2024-01-23 10:44:29',1,1,'011111111116','+256752091697','1'),(313,190000.00,'2023-10-05','2024-01-23 10:44:29',1,1,'011111111117','+256752091697','1'),(314,190000.00,'2023-10-06','2024-01-23 10:44:29',1,1,'011111111118','+256752091697','1'),(315,190000.00,'2023-10-07','2024-01-23 10:44:29',1,1,'011111111119','+256752091697','1'),(316,190000.00,'2023-10-08','2024-01-23 10:44:29',1,1,'011111111120','+256752091697','1'),(317,190000.00,'2023-10-09','2024-01-23 10:44:29',1,1,'011111111121','+256752091697','1'),(318,195000.00,'2023-10-10','2024-01-23 10:44:29',1,1,'011111111122','+256752091697','1'),(319,190000.00,'2023-10-11','2024-01-23 10:44:29',1,1,'011111111123','+256752091697','1'),(320,180000.00,'2023-10-12','2024-01-23 10:44:29',1,1,'011111111124','+256752091697','1'),(321,190000.00,'2023-10-13','2024-01-23 10:44:29',1,1,'011111111125','+256752091697','1'),(322,185000.00,'2023-10-14','2024-01-23 10:44:29',1,1,'011111111126','+256752091697','1'),(323,185000.00,'2023-10-15','2024-01-23 10:44:29',1,1,'011111111127','+256752091697','1'),(324,200000.00,'2023-10-16','2024-01-23 10:44:29',1,1,'011111111128','+256752091697','1'),(325,185000.00,'2023-10-17','2024-01-23 10:44:29',1,1,'011111111129','+256752091697','1'),(326,200000.00,'2023-10-18','2024-01-23 10:44:29',1,1,'011111111130','+256752091697','1'),(327,200000.00,'2023-10-19','2024-01-23 10:44:29',1,1,'011111111131','+256752091697','1'),(328,185000.00,'2023-10-20','2024-01-23 10:44:29',1,1,'011111111132','+256752091697','1'),(329,185000.00,'2023-10-21','2024-01-23 10:44:29',1,1,'011111111133','+256752091697','1'),(330,200000.00,'2023-10-22','2024-01-23 10:44:29',1,1,'011111111134','+256752091697','1'),(331,185000.00,'2023-10-23','2024-01-23 10:44:29',1,1,'011111111135','+256752091697','1'),(332,185000.00,'2023-10-24','2024-01-23 10:44:29',1,1,'011111111136','+256752091697','1'),(333,185000.00,'2023-10-25','2024-01-23 10:44:29',1,1,'011111111137','+256752091697','1'),(334,185000.00,'2023-10-26','2024-01-23 10:44:29',1,1,'011111111138','+256752091697','1'),(335,185000.00,'2023-10-27','2024-01-23 10:44:29',1,1,'011111111139','+256752091697','1'),(336,180000.00,'2023-10-28','2024-01-23 10:44:29',1,1,'011111111140','+256752091697','1'),(337,180000.00,'2023-10-29','2024-01-23 10:44:29',1,1,'011111111141','+256752091697','1'),(338,180000.00,'2023-10-30','2024-01-23 10:44:29',1,1,'011111111142','+256752091697','1'),(339,150000.00,'2023-11-01','2024-01-23 10:44:29',1,1,'011111111113','+256752091697','1'),(340,150000.00,'2023-11-02','2024-01-23 10:44:29',1,1,'011111111114','+256752091697','1'),(341,150000.00,'2023-11-03','2024-01-23 10:44:29',1,1,'011111111115','+256752091697','1'),(342,150000.00,'2023-11-04','2024-01-23 10:44:29',1,1,'011111111116','+256752091697','1'),(343,150000.00,'2023-11-05','2024-01-23 10:44:29',1,1,'011111111117','+256752091697','1'),(344,150000.00,'2023-11-06','2024-01-23 10:44:29',1,1,'011111111118','+256752091697','1'),(345,150000.00,'2023-11-07','2024-01-23 10:44:29',1,1,'011111111119','+256752091697','1'),(346,150000.00,'2023-11-08','2024-01-23 10:44:29',1,1,'011111111120','+256752091697','1'),(347,150000.00,'2023-11-09','2024-01-23 10:44:29',1,1,'011111111121','+256752091697','1'),(348,150000.00,'2023-11-10','2024-01-23 10:44:29',1,1,'011111111122','+256752091697','1'),(349,150000.00,'2023-11-11','2024-01-23 10:44:29',1,1,'011111111123','+256752091697','1'),(350,150000.00,'2023-11-12','2024-01-23 10:44:29',1,1,'011111111124','+256752091697','1'),(351,150000.00,'2023-11-13','2024-01-23 10:44:29',1,1,'011111111125','+256752091697','1'),(352,150000.00,'2023-11-14','2024-01-23 10:44:29',1,1,'011111111126','+256752091697','1'),(353,150000.00,'2023-11-15','2024-01-23 10:44:29',1,1,'011111111127','+256752091697','1'),(354,150000.00,'2023-11-16','2024-01-23 10:44:29',1,1,'011111111128','+256752091697','1'),(355,150000.00,'2023-11-17','2024-01-23 10:44:29',1,1,'011111111129','+256752091697','1'),(356,150000.00,'2023-11-18','2024-01-23 10:44:29',1,1,'011111111130','+256752091697','1'),(357,150000.00,'2023-11-19','2024-01-23 10:44:29',1,1,'011111111131','+256752091697','1'),(358,150000.00,'2023-11-20','2024-01-23 10:44:29',1,1,'011111111132','+256752091697','1'),(359,150000.00,'2023-11-21','2024-01-23 10:44:29',1,1,'011111111133','+256752091697','1'),(360,150000.00,'2023-11-22','2024-01-23 10:44:29',1,1,'011111111134','+256752091697','1'),(361,150000.00,'2023-11-23','2024-01-23 10:44:29',1,1,'011111111135','+256752091697','1'),(362,150000.00,'2023-11-24','2024-01-23 10:44:29',1,1,'011111111136','+256752091697','1'),(363,150000.00,'2023-11-25','2024-01-23 10:44:29',1,1,'011111111137','+256752091697','1'),(364,150000.00,'2023-11-26','2024-01-23 10:44:29',1,1,'011111111138','+256752091697','1'),(365,150000.00,'2023-11-27','2024-01-23 10:44:29',1,1,'011111111139','+256752091697','1'),(366,150000.00,'2023-11-28','2024-01-23 10:44:29',1,1,'011111111140','+256752091697','1'),(367,150000.00,'2023-11-29','2024-01-23 10:44:29',1,1,'011111111141','+256752091697','1'),(368,150000.00,'2023-11-30','2024-01-23 10:44:29',1,1,'011111111142','+256752091697','1'),(369,80000.00,'2023-06-01','2024-01-23 10:46:30',2,2,'011111111141','+256752091697','1'),(370,85000.00,'2023-06-02','2024-01-23 10:46:30',2,2,'011111111141','+256752091697','1'),(371,80000.00,'2023-06-03','2024-01-23 10:46:30',2,2,'011111111141','+256752091697','1'),(372,85000.00,'2023-06-04','2024-01-23 10:46:30',2,2,'011111111141','+256752091697','1'),(373,78000.00,'2023-06-05','2024-01-23 10:46:30',2,2,'011111111141','+256752091697','1'),(374,85000.00,'2023-06-06','2024-01-23 10:46:30',2,2,'011111111141','+256752091697','1'),(375,80000.00,'2023-06-07','2024-01-23 10:46:30',2,2,'011111111141','+256752091697','1'),(376,75000.00,'2023-06-08','2024-01-23 10:46:30',2,2,'011111111141','+256752091697','1'),(377,80000.00,'2023-06-09','2024-01-23 10:46:30',2,2,'011111111141','+256752091697','1'),(378,80000.00,'2023-06-10','2024-01-23 10:46:30',2,2,'011111111141','+256752091697','1'),(379,80000.00,'2023-06-11','2024-01-23 10:46:30',2,2,'011111111141','+256752091697','1'),(380,85000.00,'2023-06-12','2024-01-23 10:46:30',2,2,'011111111141','+256752091697','1'),(381,80000.00,'2023-06-13','2024-01-23 10:46:30',2,2,'011111111141','+256752091697','1'),(382,75000.00,'2023-06-14','2024-01-23 10:46:30',2,2,'011111111141','+256752091697','1'),(383,80000.00,'2023-06-15','2024-01-23 10:46:30',2,2,'011111111141','+256752091697','1'),(384,80000.00,'2023-06-16','2024-01-23 10:46:30',2,2,'011111111141','+256752091697','1'),(385,80000.00,'2023-06-17','2024-01-23 10:46:30',2,2,'011111111141','+256752091697','1'),(386,85000.00,'2023-06-18','2024-01-23 10:46:30',2,2,'011111111141','+256752091697','1'),(387,80000.00,'2023-06-19','2024-01-23 10:46:30',2,2,'011111111141','+256752091697','1'),(388,70000.00,'2023-06-20','2024-01-23 10:46:30',2,2,'011111111141','+256752091697','1'),(389,80000.00,'2023-06-21','2024-01-23 10:46:30',2,2,'011111111141','+256752091697','1'),(390,80000.00,'2023-06-22','2024-01-23 10:46:30',2,2,'011111111141','+256752091697','1'),(391,80000.00,'2023-06-23','2024-01-23 10:46:30',2,2,'011111111141','+256752091697','1'),(392,80000.00,'2023-06-24','2024-01-23 10:46:30',2,2,'011111111141','+256752091697','1'),(393,85000.00,'2023-06-25','2024-01-23 10:46:30',2,2,'011111111141','+256752091697','1'),(394,80000.00,'2023-06-26','2024-01-23 10:46:30',2,2,'011111111141','+256752091697','1'),(395,80000.00,'2023-06-27','2024-01-23 10:46:30',2,2,'011111111141','+256752091697','1'),(396,80000.00,'2023-06-28','2024-01-23 10:46:30',2,2,'011111111141','+256752091697','1'),(397,80000.00,'2023-06-29','2024-01-23 10:46:30',2,2,'011111111141','+256752091697','1'),(398,80000.00,'2023-06-30','2024-01-23 10:46:30',2,2,'011111111141','+256752091697','1'),(399,90000.00,'2023-07-01','2024-01-23 10:50:01',2,2,'011111111141','+256752091697','1'),(400,85000.00,'2023-07-02','2024-01-23 10:50:01',2,2,'011111111141','+256752091697','1'),(401,90000.00,'2023-07-03','2024-01-23 10:50:01',2,2,'011111111141','+256752091697','1'),(402,90000.00,'2023-07-04','2024-01-23 10:50:01',2,2,'011111111141','+256752091697','1'),(403,90000.00,'2023-07-05','2024-01-23 10:50:01',2,2,'011111111141','+256752091697','1'),(404,85000.00,'2023-07-06','2024-01-23 10:50:01',2,2,'011111111141','+256752091697','1'),(405,90000.00,'2023-07-07','2024-01-23 10:50:01',2,2,'011111111141','+256752091697','1'),(406,90000.00,'2023-07-08','2024-01-23 10:50:01',2,2,'011111111141','+256752091697','1'),(407,85000.00,'2023-07-09','2024-01-23 10:50:01',2,2,'011111111141','+256752091697','1'),(408,85000.00,'2023-07-10','2024-01-23 10:50:01',2,2,'011111111141','+256752091697','1'),(409,90000.00,'2023-07-11','2024-01-23 10:50:01',2,2,'011111111141','+256752091697','1'),(410,85000.00,'2023-07-12','2024-01-23 10:50:01',2,2,'011111111141','+256752091697','1'),(411,90000.00,'2023-07-13','2024-01-23 10:50:01',2,2,'011111111141','+256752091697','1'),(412,90000.00,'2023-07-14','2024-01-23 10:50:01',2,2,'011111111141','+256752091697','1'),(413,90000.00,'2023-07-15','2024-01-23 10:50:01',2,2,'011111111141','+256752091697','1'),(414,90000.00,'2023-07-16','2024-01-23 10:50:01',2,2,'011111111141','+256752091697','1'),(415,90000.00,'2023-07-17','2024-01-23 10:50:01',2,2,'011111111141','+256752091697','1'),(416,85000.00,'2023-07-18','2024-01-23 10:50:01',2,2,'011111111141','+256752091697','1'),(417,90000.00,'2023-07-19','2024-01-23 10:50:01',2,2,'011111111141','+256752091697','1'),(418,90000.00,'2023-07-20','2024-01-23 10:50:01',2,2,'011111111141','+256752091697','1'),(419,90000.00,'2023-07-21','2024-01-23 10:50:01',2,2,'011111111141','+256752091697','1'),(420,90000.00,'2023-07-22','2024-01-23 10:50:01',2,2,'011111111141','+256752091697','1'),(421,90000.00,'2023-07-23','2024-01-23 10:50:01',2,2,'011111111141','+256752091697','1'),(422,90000.00,'2023-07-24','2024-01-23 10:50:01',2,2,'011111111141','+256752091697','1'),(423,85000.00,'2023-07-25','2024-01-23 10:50:01',2,2,'011111111141','+256752091697','1'),(424,90000.00,'2023-07-26','2024-01-23 10:50:01',2,2,'011111111141','+256752091697','1'),(425,90000.00,'2023-07-27','2024-01-23 10:50:01',2,2,'011111111141','+256752091697','1'),(426,90000.00,'2023-07-28','2024-01-23 10:50:01',2,2,'011111111141','+256752091697','1'),(427,95000.00,'2023-07-29','2024-01-23 10:50:01',2,2,'011111111141','+256752091697','1'),(428,100000.00,'2023-07-30','2024-01-23 10:50:01',2,2,'011111111141','+256752091697','1'),(429,100000.00,'2023-08-01','2024-01-23 12:20:30',2,2,'011111111141','+256752091697','1'),(430,100000.00,'2023-08-02','2024-01-23 12:20:30',2,2,'011111111141','+256752091697','1'),(431,100000.00,'2023-08-03','2024-01-23 12:20:30',2,2,'011111111141','+256752091697','1'),(432,100000.00,'2023-08-04','2024-01-23 12:20:30',2,2,'011111111141','+256752091697','1'),(433,100000.00,'2023-08-05','2024-01-23 12:20:30',2,2,'011111111141','+256752091697','1'),(434,100000.00,'2023-08-06','2024-01-23 12:20:30',2,2,'011111111141','+256752091697','1'),(435,100000.00,'2023-08-07','2024-01-23 12:20:30',2,2,'011111111141','+256752091697','1'),(436,100000.00,'2023-08-08','2024-01-23 12:20:30',2,2,'011111111141','+256752091697','1'),(437,100000.00,'2023-08-09','2024-01-23 12:20:30',2,2,'011111111141','+256752091697','1'),(438,100000.00,'2023-08-10','2024-01-23 12:20:30',2,2,'011111111141','+256752091697','1'),(439,100000.00,'2023-08-11','2024-01-23 12:20:30',2,2,'011111111141','+256752091697','1'),(440,100000.00,'2023-08-12','2024-01-23 12:20:30',2,2,'011111111141','+256752091697','1'),(441,100000.00,'2023-08-13','2024-01-23 12:20:30',2,2,'011111111141','+256752091697','1'),(442,100000.00,'2023-08-14','2024-01-23 12:20:30',2,2,'011111111141','+256752091697','1'),(443,100000.00,'2023-08-15','2024-01-23 12:20:30',2,2,'011111111141','+256752091697','1'),(444,100000.00,'2023-08-16','2024-01-23 12:20:30',2,2,'011111111141','+256752091697','1'),(445,100000.00,'2023-08-17','2024-01-23 12:20:30',2,2,'011111111141','+256752091697','1'),(446,100000.00,'2023-08-18','2024-01-23 12:20:30',2,2,'011111111141','+256752091697','1'),(447,100000.00,'2023-08-19','2024-01-23 12:20:30',2,2,'011111111141','+256752091697','1'),(448,100000.00,'2023-08-20','2024-01-23 12:20:30',2,2,'011111111141','+256752091697','1'),(449,100000.00,'2023-08-21','2024-01-23 12:20:30',2,2,'011111111141','+256752091697','1'),(450,100000.00,'2023-08-22','2024-01-23 12:20:30',2,2,'011111111141','+256752091697','1'),(451,100000.00,'2023-08-23','2024-01-23 12:20:30',2,2,'011111111141','+256752091697','1'),(452,100000.00,'2023-08-24','2024-01-23 12:20:30',2,2,'011111111141','+256752091697','1'),(453,100000.00,'2023-08-25','2024-01-23 12:20:30',2,2,'011111111141','+256752091697','1'),(454,100000.00,'2023-08-26','2024-01-23 12:20:30',2,2,'011111111141','+256752091697','1'),(455,100000.00,'2023-08-27','2024-01-23 12:20:30',2,2,'011111111141','+256752091697','1'),(456,100000.00,'2023-08-28','2024-01-23 12:20:30',2,2,'011111111141','+256752091697','1'),(457,95000.00,'2023-08-29','2024-01-23 12:20:30',2,2,'011111111141','+256752091697','1'),(458,110000.00,'2023-08-30','2024-01-23 12:20:30',2,2,'011111111141','+256752091697','1'),(459,100000.00,'2023-09-01','2024-01-23 12:36:18',2,2,'011111111141','+256752091697','1'),(460,100000.00,'2023-09-02','2024-01-23 12:36:18',2,2,'011111111141','+256752091697','1'),(461,100000.00,'2023-09-03','2024-01-23 12:36:18',2,2,'011111111141','+256752091697','1'),(462,100000.00,'2023-09-04','2024-01-23 12:36:18',2,2,'011111111141','+256752091697','1'),(463,100000.00,'2023-09-05','2024-01-23 12:36:18',2,2,'011111111141','+256752091697','1'),(464,100000.00,'2023-09-06','2024-01-23 12:36:18',2,2,'011111111141','+256752091697','1'),(465,100000.00,'2023-09-07','2024-01-23 12:36:18',2,2,'011111111141','+256752091697','1'),(466,100000.00,'2023-09-08','2024-01-23 12:36:18',2,2,'011111111141','+256752091697','1'),(467,100000.00,'2023-09-09','2024-01-23 12:36:18',2,2,'011111111141','+256752091697','1'),(468,100000.00,'2023-09-10','2024-01-23 12:36:18',2,2,'011111111141','+256752091697','1'),(469,100000.00,'2023-09-11','2024-01-23 12:36:18',2,2,'011111111141','+256752091697','1'),(470,100000.00,'2023-09-12','2024-01-23 12:36:18',2,2,'011111111141','+256752091697','1'),(471,100000.00,'2023-09-13','2024-01-23 12:36:18',2,2,'011111111141','+256752091697','1'),(472,100000.00,'2023-09-14','2024-01-23 12:36:18',2,2,'011111111141','+256752091697','1'),(473,100000.00,'2023-09-15','2024-01-23 12:36:18',2,2,'011111111141','+256752091697','1'),(474,100000.00,'2023-09-16','2024-01-23 12:36:18',2,2,'011111111141','+256752091697','1'),(475,100000.00,'2023-09-17','2024-01-23 12:36:18',2,2,'011111111141','+256752091697','1'),(476,100000.00,'2023-09-18','2024-01-23 12:36:18',2,2,'011111111141','+256752091697','1'),(477,100000.00,'2023-09-19','2024-01-23 12:36:18',2,2,'011111111141','+256752091697','1'),(478,100000.00,'2023-09-20','2024-01-23 12:36:18',2,2,'011111111141','+256752091697','1'),(479,100000.00,'2023-09-21','2024-01-23 12:36:18',2,2,'011111111141','+256752091697','1'),(480,100000.00,'2023-09-22','2024-01-23 12:36:18',2,2,'011111111141','+256752091697','1'),(481,100000.00,'2023-09-23','2024-01-23 12:36:18',2,2,'011111111141','+256752091697','1'),(482,100000.00,'2023-09-24','2024-01-23 12:36:18',2,2,'011111111141','+256752091697','1'),(483,100000.00,'2023-09-25','2024-01-23 12:36:18',2,2,'011111111141','+256752091697','1'),(484,100000.00,'2023-09-26','2024-01-23 12:36:18',2,2,'011111111141','+256752091697','1'),(485,100000.00,'2023-09-27','2024-01-23 12:36:18',2,2,'011111111141','+256752091697','1'),(486,100000.00,'2023-09-28','2024-01-23 12:36:18',2,2,'011111111141','+256752091697','1'),(487,95000.00,'2023-09-29','2024-01-23 12:36:18',2,2,'011111111141','+256752091697','1'),(488,110000.00,'2023-09-30','2024-01-23 12:36:18',2,2,'011111111141','+256752091697','1'),(489,120000.00,'2023-10-01','2024-01-23 12:38:00',2,2,'011111111141','+256752091697','1'),(490,120000.00,'2023-10-02','2024-01-23 12:38:00',2,2,'011111111141','+256752091697','1'),(491,120000.00,'2023-10-03','2024-01-23 12:38:00',2,2,'011111111141','+256752091697','1'),(492,120000.00,'2023-10-04','2024-01-23 12:38:00',2,2,'011111111141','+256752091697','1'),(493,120000.00,'2023-10-05','2024-01-23 12:38:00',2,2,'011111111141','+256752091697','1'),(494,120000.00,'2023-10-06','2024-01-23 12:38:00',2,2,'011111111141','+256752091697','1'),(495,120000.00,'2023-10-07','2024-01-23 12:38:00',2,2,'011111111141','+256752091697','1'),(496,120000.00,'2023-10-08','2024-01-23 12:38:00',2,2,'011111111141','+256752091697','1'),(497,120000.00,'2023-10-09','2024-01-23 12:38:00',2,2,'011111111141','+256752091697','1'),(498,120000.00,'2023-10-10','2024-01-23 12:38:00',2,2,'011111111141','+256752091697','1'),(499,120000.00,'2023-10-11','2024-01-23 12:38:00',2,2,'011111111141','+256752091697','1'),(500,120000.00,'2023-10-12','2024-01-23 12:38:00',2,2,'011111111141','+256752091697','1'),(501,120000.00,'2023-10-13','2024-01-23 12:38:00',2,2,'011111111141','+256752091697','1'),(502,120000.00,'2023-10-14','2024-01-23 12:38:00',2,2,'011111111141','+256752091697','1'),(503,120000.00,'2023-10-15','2024-01-23 12:38:00',2,2,'011111111141','+256752091697','1'),(504,120000.00,'2023-10-16','2024-01-23 12:38:00',2,2,'011111111141','+256752091697','1'),(505,120000.00,'2023-10-17','2024-01-23 12:38:00',2,2,'011111111141','+256752091697','1'),(506,120000.00,'2023-10-18','2024-01-23 12:38:00',2,2,'011111111141','+256752091697','1'),(507,120000.00,'2023-10-19','2024-01-23 12:38:00',2,2,'011111111141','+256752091697','1'),(508,120000.00,'2023-10-20','2024-01-23 12:38:00',2,2,'011111111141','+256752091697','1'),(509,120000.00,'2023-10-21','2024-01-23 12:38:00',2,2,'011111111141','+256752091697','1'),(510,120000.00,'2023-10-22','2024-01-23 12:38:00',2,2,'011111111141','+256752091697','1'),(511,120000.00,'2023-10-23','2024-01-23 12:38:00',2,2,'011111111141','+256752091697','1'),(512,120000.00,'2023-10-24','2024-01-23 12:38:00',2,2,'011111111141','+256752091697','1'),(513,120000.00,'2023-10-25','2024-01-23 12:38:00',2,2,'011111111141','+256752091697','1'),(514,120000.00,'2023-10-26','2024-01-23 12:38:00',2,2,'011111111141','+256752091697','1'),(515,120000.00,'2023-10-27','2024-01-23 12:38:00',2,2,'011111111141','+256752091697','1'),(516,120000.00,'2023-10-28','2024-01-23 12:38:00',2,2,'011111111141','+256752091697','1'),(517,95000.00,'2023-10-29','2024-01-23 12:38:00',2,2,'011111111141','+256752091697','1'),(518,110000.00,'2023-10-30','2024-01-23 12:38:00',2,2,'011111111141','+256752091697','1'),(519,95000.00,'2023-11-01','2024-01-23 12:40:01',2,2,'011111111141','+256752091697','1'),(520,95000.00,'2023-11-02','2024-01-23 12:40:01',2,2,'011111111141','+256752091697','1'),(521,95000.00,'2023-11-03','2024-01-23 12:40:01',2,2,'011111111141','+256752091697','1'),(522,90000.00,'2023-11-04','2024-01-23 12:40:01',2,2,'011111111141','+256752091697','1'),(523,80000.00,'2023-11-05','2024-01-23 12:40:01',2,2,'011111111141','+256752091697','1'),(524,80000.00,'2023-11-06','2024-01-23 12:40:01',2,2,'011111111141','+256752091697','1'),(525,80000.00,'2023-11-07','2024-01-23 12:40:01',2,2,'011111111141','+256752091697','1'),(526,80000.00,'2023-11-08','2024-01-23 12:40:01',2,2,'011111111141','+256752091697','1'),(527,80000.00,'2023-11-09','2024-01-23 12:40:01',2,2,'011111111141','+256752091697','1'),(528,80000.00,'2023-11-10','2024-01-23 12:40:01',2,2,'011111111141','+256752091697','1'),(529,80000.00,'2023-11-11','2024-01-23 12:40:01',2,2,'011111111141','+256752091697','1'),(530,80000.00,'2023-11-12','2024-01-23 12:40:01',2,2,'011111111141','+256752091697','1'),(531,80000.00,'2023-11-13','2024-01-23 12:40:01',2,2,'011111111141','+256752091697','1'),(532,80000.00,'2023-11-14','2024-01-23 12:40:01',2,2,'011111111141','+256752091697','1'),(533,80000.00,'2023-11-15','2024-01-23 12:40:01',2,2,'011111111141','+256752091697','1'),(534,80000.00,'2023-11-16','2024-01-23 12:40:01',2,2,'011111111141','+256752091697','1'),(535,80000.00,'2023-11-17','2024-01-23 12:40:01',2,2,'011111111141','+256752091697','1'),(536,80000.00,'2023-11-18','2024-01-23 12:40:01',2,2,'011111111141','+256752091697','1'),(537,80000.00,'2023-11-19','2024-01-23 12:40:01',2,2,'011111111141','+256752091697','1'),(538,80000.00,'2023-11-20','2024-01-23 12:40:01',2,2,'011111111141','+256752091697','1'),(539,80000.00,'2023-11-21','2024-01-23 12:40:01',2,2,'011111111141','+256752091697','1'),(540,80000.00,'2023-11-22','2024-01-23 12:40:01',2,2,'011111111141','+256752091697','1'),(541,80000.00,'2023-11-23','2024-01-23 12:40:01',2,2,'011111111141','+256752091697','1'),(542,80000.00,'2023-11-24','2024-01-23 12:40:01',2,2,'011111111141','+256752091697','1'),(543,80000.00,'2023-11-25','2024-01-23 12:40:01',2,2,'011111111141','+256752091697','1'),(544,80000.00,'2023-11-26','2024-01-23 12:40:01',2,2,'011111111141','+256752091697','1'),(545,80000.00,'2023-11-27','2024-01-23 12:40:01',2,2,'011111111141','+256752091697','1'),(546,80000.00,'2023-11-28','2024-01-23 12:40:01',2,2,'011111111141','+256752091697','1'),(547,95000.00,'2023-11-29','2024-01-23 12:40:01',2,2,'011111111141','+256752091697','1'),(548,95000.00,'2023-11-30','2024-01-23 12:40:01',2,2,'011111111141','+256752091697','1');
/*!40000 ALTER TABLE `tbl_prices` ENABLE KEYS */;
UNLOCK TABLES;

--
-- Table structure for table `tbl_subscribers`
--

DROP TABLE IF EXISTS `tbl_subscribers`;
/*!40101 SET @saved_cs_client     = @@character_set_client */;
/*!40101 SET character_set_client = utf8 */;
CREATE TABLE `tbl_subscribers` (
  `id` int(11) NOT NULL AUTO_INCREMENT,
  `full_name` varchar(255) DEFAULT NULL,
  `phone_number` varchar(255) NOT NULL,
  `location` varchar(255) DEFAULT NULL,
  `market` int(11) DEFAULT NULL,
  `active` tinyint(1) DEFAULT 0,
  `item` int(11) NOT NULL,
  PRIMARY KEY (`id`),
  KEY `market` (`market`),
  KEY `item` (`item`),
  CONSTRAINT `tbl_subscribers_ibfk_1` FOREIGN KEY (`market`) REFERENCES `tbl_markets` (`id`),
  CONSTRAINT `tbl_subscribers_ibfk_2` FOREIGN KEY (`item`) REFERENCES `tbl_items` (`id`)
) ENGINE=InnoDB AUTO_INCREMENT=2 DEFAULT CHARSET=utf8mb4 COLLATE=utf8mb4_unicode_ci;
/*!40101 SET character_set_client = @saved_cs_client */;

--
-- Dumping data for table `tbl_subscribers`
--

LOCK TABLES `tbl_subscribers` WRITE;
/*!40000 ALTER TABLE `tbl_subscribers` DISABLE KEYS */;
INSERT INTO `tbl_subscribers` VALUES (1,'alexander kisekka','+256752091697','kira',1,1,1);
/*!40000 ALTER TABLE `tbl_subscribers` ENABLE KEYS */;
UNLOCK TABLES;

--
-- Table structure for table `tbl_users`
--

DROP TABLE IF EXISTS `tbl_users`;
/*!40101 SET @saved_cs_client     = @@character_set_client */;
/*!40101 SET character_set_client = utf8 */;
CREATE TABLE `tbl_users` (
  `id` int(11) NOT NULL AUTO_INCREMENT,
  `username` varchar(255) NOT NULL,
  `email` varchar(255) NOT NULL,
  `password` varchar(255) NOT NULL,
  PRIMARY KEY (`id`),
  UNIQUE KEY `email` (`email`)
) ENGINE=InnoDB AUTO_INCREMENT=2 DEFAULT CHARSET=utf8mb4 COLLATE=utf8mb4_unicode_ci;
/*!40101 SET character_set_client = @saved_cs_client */;

--
-- Dumping data for table `tbl_users`
--

LOCK TABLES `tbl_users` WRITE;
/*!40000 ALTER TABLE `tbl_users` DISABLE KEYS */;
INSERT INTO `tbl_users` VALUES (1,'admin','admin@gmail.com','pbkdf2:sha256:600000$3ykbixxXrg5uNVpJ$8b8f19d43c4b0bcaf09df444cad6ddd472ad2d3febd07aea534a098d7f09eade');
/*!40000 ALTER TABLE `tbl_users` ENABLE KEYS */;
UNLOCK TABLES;

--
-- Table structure for table `ussd_session_levels`
--

DROP TABLE IF EXISTS `ussd_session_levels`;
/*!40101 SET @saved_cs_client     = @@character_set_client */;
/*!40101 SET character_set_client = utf8 */;
CREATE TABLE `ussd_session_levels` (
  `id` int(11) NOT NULL AUTO_INCREMENT,
  `session_id` varchar(500) DEFAULT NULL,
  `phone_number` varchar(255) DEFAULT NULL,
  `level` int(11) DEFAULT NULL,
  `action` int(11) DEFAULT NULL,
  PRIMARY KEY (`id`)
) ENGINE=InnoDB DEFAULT CHARSET=utf8mb4 COLLATE=utf8mb4_unicode_ci;
/*!40101 SET character_set_client = @saved_cs_client */;

--
-- Dumping data for table `ussd_session_levels`
--

LOCK TABLES `ussd_session_levels` WRITE;
/*!40000 ALTER TABLE `ussd_session_levels` DISABLE KEYS */;
/*!40000 ALTER TABLE `ussd_session_levels` ENABLE KEYS */;
UNLOCK TABLES;
/*!40103 SET TIME_ZONE=@OLD_TIME_ZONE */;

/*!40101 SET SQL_MODE=@OLD_SQL_MODE */;
/*!40014 SET FOREIGN_KEY_CHECKS=@OLD_FOREIGN_KEY_CHECKS */;
/*!40014 SET UNIQUE_CHECKS=@OLD_UNIQUE_CHECKS */;
/*!40101 SET CHARACTER_SET_CLIENT=@OLD_CHARACTER_SET_CLIENT */;
/*!40101 SET CHARACTER_SET_RESULTS=@OLD_CHARACTER_SET_RESULTS */;
/*!40101 SET COLLATION_CONNECTION=@OLD_COLLATION_CONNECTION */;
/*!40111 SET SQL_NOTES=@OLD_SQL_NOTES */;

-- Dump completed on 2024-01-24 12:26:52
