-- MariaDB dump 10.19  Distrib 10.6.12-MariaDB, for debian-linux-gnu (x86_64)
--
-- Host: localhost    Database: price_flare
-- ------------------------------------------------------
-- Server version	10.6.12-MariaDB-0ubuntu0.22.04.1

/*!40101 SET @OLD_CHARACTER_SET_CLIENT=@@CHARACTER_SET_CLIENT */;
/*!40101 SET @OLD_CHARACTER_SET_RESULTS=@@CHARACTER_SET_RESULTS */;
/*!40101 SET @OLD_COLLATION_CONNECTION=@@COLLATION_CONNECTION */;
/*!40101 SET NAMES utf8mb4 */;
/*!40103 SET @OLD_TIME_ZONE=@@TIME_ZONE */;
/*!40103 SET TIME_ZONE='+00:00' */;
/*!40014 SET @OLD_UNIQUE_CHECKS=@@UNIQUE_CHECKS, UNIQUE_CHECKS=0 */;
/*!40014 SET @OLD_FOREIGN_KEY_CHECKS=@@FOREIGN_KEY_CHECKS, FOREIGN_KEY_CHECKS=0 */;
/*!40101 SET @OLD_SQL_MODE=@@SQL_MODE, SQL_MODE='NO_AUTO_VALUE_ON_ZERO' */;
/*!40111 SET @OLD_SQL_NOTES=@@SQL_NOTES, SQL_NOTES=0 */;

--
-- Table structure for table `tbl_items`
--

DROP TABLE IF EXISTS `tbl_items`;
/*!40101 SET @saved_cs_client     = @@character_set_client */;
/*!40101 SET character_set_client = utf8 */;
CREATE TABLE `tbl_items` (
  `id` int(11) NOT NULL AUTO_INCREMENT,
  `code` varchar(255) NOT NULL,
  `item_name` varchar(255) NOT NULL,
  `unit_of_measure` varchar(255) DEFAULT NULL,
  PRIMARY KEY (`id`),
  UNIQUE KEY `item_name` (`item_name`)
) ENGINE=InnoDB AUTO_INCREMENT=4 DEFAULT CHARSET=utf8mb4 COLLATE=utf8mb4_unicode_ci;
/*!40101 SET character_set_client = @saved_cs_client */;

--
-- Dumping data for table `tbl_items`
--

LOCK TABLES `tbl_items` WRITE;
/*!40000 ALTER TABLE `tbl_items` DISABLE KEYS */;
INSERT INTO `tbl_items` VALUES (1,'Tomato','Tomato','Box'),(2,'Cassava','Cassava','Sack'),(3,'Maize','Maize','Kg');
/*!40000 ALTER TABLE `tbl_items` ENABLE KEYS */;
UNLOCK TABLES;

--
-- Table structure for table `tbl_markets`
--

DROP TABLE IF EXISTS `tbl_markets`;
/*!40101 SET @saved_cs_client     = @@character_set_client */;
/*!40101 SET character_set_client = utf8 */;
CREATE TABLE `tbl_markets` (
  `id` int(11) NOT NULL AUTO_INCREMENT,
  `code` varchar(255) NOT NULL,
  `market` varchar(255) NOT NULL,
  PRIMARY KEY (`id`),
  UNIQUE KEY `market` (`market`)
) ENGINE=InnoDB AUTO_INCREMENT=6 DEFAULT CHARSET=utf8mb4 COLLATE=utf8mb4_unicode_ci;
/*!40101 SET character_set_client = @saved_cs_client */;

--
-- Dumping data for table `tbl_markets`
--

LOCK TABLES `tbl_markets` WRITE;
/*!40000 ALTER TABLE `tbl_markets` DISABLE KEYS */;
INSERT INTO `tbl_markets` VALUES (1,'Natete','Natete'),(2,'Owino','Owino'),(3,'Nakasero','Nakasero'),(4,'Kalerwe','Kalerwe'),(5,'Kisenyi','Kisenyi');
/*!40000 ALTER TABLE `tbl_markets` ENABLE KEYS */;
UNLOCK TABLES;

--
-- Table structure for table `tbl_prices`
--

DROP TABLE IF EXISTS `tbl_prices`;
/*!40101 SET @saved_cs_client     = @@character_set_client */;
/*!40101 SET character_set_client = utf8 */;
CREATE TABLE `tbl_prices` (
  `id` int(11) NOT NULL AUTO_INCREMENT,
  `price` decimal(18,2) NOT NULL,
  `date` date NOT NULL,
  `created_on` datetime DEFAULT current_timestamp(),
  `item` int(11) NOT NULL,
  `market` int(11) NOT NULL,
  PRIMARY KEY (`id`),
  KEY `item` (`item`),
  KEY `market` (`market`),
  CONSTRAINT `tbl_prices_ibfk_1` FOREIGN KEY (`item`) REFERENCES `tbl_items` (`id`),
  CONSTRAINT `tbl_prices_ibfk_2` FOREIGN KEY (`market`) REFERENCES `tbl_markets` (`id`)
) ENGINE=InnoDB AUTO_INCREMENT=187 DEFAULT CHARSET=utf8mb4 COLLATE=utf8mb4_unicode_ci;
/*!40101 SET character_set_client = @saved_cs_client */;

--
-- Dumping data for table `tbl_prices`
--

LOCK TABLES `tbl_prices` WRITE;
/*!40000 ALTER TABLE `tbl_prices` DISABLE KEYS */;
INSERT INTO `tbl_prices` VALUES (1,5000.00,'2023-01-01',NULL,1,1),(2,300.00,'2023-06-01',NULL,3,5),(3,350.00,'2023-06-02',NULL,3,5),(4,350.00,'2023-06-02',NULL,3,5),(5,300.00,'2023-06-03',NULL,3,5),(6,300.00,'2023-06-04',NULL,3,5),(7,300.00,'2023-06-05',NULL,3,5),(8,350.00,'2023-06-06',NULL,3,5),(9,350.00,'2023-06-07',NULL,3,5),(10,350.00,'2023-06-08',NULL,3,5),(11,350.00,'2023-06-09',NULL,3,5),(12,350.00,'2023-06-10',NULL,3,5),(13,350.00,'2023-06-11',NULL,3,5),(14,350.00,'2023-06-12',NULL,3,5),(15,400.00,'2023-06-13',NULL,3,5),(16,400.00,'2023-06-14',NULL,3,5),(17,400.00,'2023-06-15',NULL,3,5),(18,400.00,'2023-06-16',NULL,3,5),(19,400.00,'2023-06-17',NULL,3,5),(20,400.00,'2023-06-18',NULL,3,5),(21,400.00,'2023-06-19',NULL,3,5),(22,400.00,'2023-06-20',NULL,3,5),(23,400.00,'2023-06-21',NULL,3,5),(24,400.00,'2023-06-22',NULL,3,5),(25,400.00,'2023-06-23',NULL,3,5),(26,400.00,'2023-06-24',NULL,3,5),(27,400.00,'2023-06-25',NULL,3,5),(28,400.00,'2023-06-26',NULL,3,5),(29,400.00,'2023-06-27',NULL,3,5),(30,400.00,'2023-06-28',NULL,3,5),(31,380.00,'2023-06-29',NULL,3,5),(32,380.00,'2023-06-30',NULL,3,5),(33,380.00,'2023-07-01',NULL,3,5),(34,500.00,'2023-07-02',NULL,3,5),(35,500.00,'2023-07-03',NULL,3,5),(36,500.00,'2023-07-04',NULL,3,5),(37,500.00,'2023-07-05',NULL,3,5),(38,500.00,'2023-07-06',NULL,3,5),(39,480.00,'2023-07-07',NULL,3,5),(40,480.00,'2023-07-08',NULL,3,5),(41,500.00,'2023-07-09',NULL,3,5),(42,510.00,'2023-07-10',NULL,3,5),(43,510.00,'2023-07-11',NULL,3,5),(44,510.00,'2023-07-12',NULL,3,5),(45,510.00,'2023-07-13',NULL,3,5),(46,510.00,'2023-07-14',NULL,3,5),(47,510.00,'2023-07-15',NULL,3,5),(48,510.00,'2023-07-16',NULL,3,5),(49,500.00,'2023-07-17',NULL,3,5),(50,500.00,'2023-07-18',NULL,3,5),(51,500.00,'2023-07-19',NULL,3,5),(52,500.00,'2023-07-20',NULL,3,5),(53,500.00,'2023-07-21',NULL,3,5),(54,500.00,'2023-07-22',NULL,3,5),(55,500.00,'2023-07-23',NULL,3,5),(56,500.00,'2023-07-24',NULL,3,5),(57,500.00,'2023-07-25',NULL,3,5),(58,500.00,'2023-07-26',NULL,3,5),(59,500.00,'2023-07-27',NULL,3,5),(60,500.00,'2023-07-28',NULL,3,5),(61,500.00,'2023-07-29',NULL,3,5),(62,500.00,'2023-07-30',NULL,3,5),(63,510.00,'2023-07-31',NULL,3,5),(64,500.00,'2023-08-01',NULL,3,5),(65,500.00,'2023-08-02',NULL,3,5),(66,500.00,'2023-08-03',NULL,3,5),(67,500.00,'2023-08-04',NULL,3,5),(68,500.00,'2023-08-05',NULL,3,5),(69,500.00,'2023-08-06',NULL,3,5),(70,500.00,'2023-08-07',NULL,3,5),(71,500.00,'2023-08-08',NULL,3,5),(72,500.00,'2023-08-09',NULL,3,5),(73,510.00,'2023-08-10',NULL,3,5),(74,510.00,'2023-08-11',NULL,3,5),(75,510.00,'2023-08-12',NULL,3,5),(76,510.00,'2023-08-13',NULL,3,5),(77,510.00,'2023-08-14',NULL,3,5),(78,510.00,'2023-08-15',NULL,3,5),(79,510.00,'2023-08-16',NULL,3,5),(80,500.00,'2023-08-17',NULL,3,5),(81,500.00,'2023-08-18',NULL,3,5),(82,500.00,'2023-08-19',NULL,3,5),(83,500.00,'2023-08-20',NULL,3,5),(84,500.00,'2023-08-21',NULL,3,5),(85,500.00,'2023-08-22',NULL,3,5),(86,500.00,'2023-08-23',NULL,3,5),(87,500.00,'2023-08-24',NULL,3,5),(88,500.00,'2023-08-25',NULL,3,5),(89,500.00,'2023-08-26',NULL,3,5),(90,500.00,'2023-08-27',NULL,3,5),(91,500.00,'2023-08-28',NULL,3,5),(92,500.00,'2023-08-29',NULL,3,5),(93,500.00,'2023-08-30',NULL,3,5),(94,500.00,'2023-08-31',NULL,3,5),(95,540.00,'2023-09-01',NULL,3,5),(96,550.00,'2023-09-02',NULL,3,5),(97,550.00,'2023-09-03',NULL,3,5),(98,540.00,'2023-09-04',NULL,3,5),(99,550.00,'2023-09-05',NULL,3,5),(100,600.00,'2023-09-06',NULL,3,5),(101,550.00,'2023-09-07',NULL,3,5),(102,550.00,'2023-09-09',NULL,3,5),(103,550.00,'2023-09-09',NULL,3,5),(104,550.00,'2023-09-10',NULL,3,5),(105,550.00,'2023-09-11',NULL,3,5),(106,550.00,'2023-09-12',NULL,3,5),(107,550.00,'2023-09-13',NULL,3,5),(108,550.00,'2023-09-14',NULL,3,5),(109,550.00,'2023-09-15',NULL,3,5),(110,550.00,'2023-09-16',NULL,3,5),(111,550.00,'2023-09-17',NULL,3,5),(112,550.00,'2023-09-18',NULL,3,5),(113,550.00,'2023-09-19',NULL,3,5),(114,550.00,'2023-09-20',NULL,3,5),(115,550.00,'2023-09-21',NULL,3,5),(116,550.00,'2023-09-22',NULL,3,5),(117,550.00,'2023-09-23',NULL,3,5),(118,550.00,'2023-09-24',NULL,3,5),(119,550.00,'2023-09-25',NULL,3,5),(120,550.00,'2023-09-26',NULL,3,5),(121,550.00,'2023-09-27',NULL,3,5),(122,550.00,'2023-09-28',NULL,3,5),(123,550.00,'2023-09-29',NULL,3,5),(124,550.00,'2023-09-30',NULL,3,5),(125,600.00,'2023-10-01',NULL,3,5),(126,600.00,'2023-10-02',NULL,3,5),(127,600.00,'2023-10-03',NULL,3,5),(128,600.00,'2023-10-04',NULL,3,5),(129,600.00,'2023-10-05',NULL,3,5),(130,600.00,'2023-10-06',NULL,3,5),(131,600.00,'2023-10-07',NULL,3,5),(132,600.00,'2023-10-10',NULL,3,5),(133,600.00,'2023-10-10',NULL,3,5),(134,600.00,'2023-10-10',NULL,3,5),(135,600.00,'2023-10-11',NULL,3,5),(136,600.00,'2023-10-12',NULL,3,5),(137,600.00,'2023-10-13',NULL,3,5),(138,600.00,'2023-10-14',NULL,3,5),(139,600.00,'2023-10-15',NULL,3,5),(140,600.00,'2023-10-16',NULL,3,5),(141,600.00,'2023-10-17',NULL,3,5),(142,600.00,'2023-10-18',NULL,3,5),(143,600.00,'2023-10-19',NULL,3,5),(144,600.00,'2023-10-20',NULL,3,5),(145,600.00,'2023-10-21',NULL,3,5),(146,600.00,'2023-10-22',NULL,3,5),(147,600.00,'2023-10-23',NULL,3,5),(148,600.00,'2023-10-24',NULL,3,5),(149,600.00,'2023-10-25',NULL,3,5),(150,600.00,'2023-10-26',NULL,3,5),(151,600.00,'2023-10-27',NULL,3,5),(152,600.00,'2023-10-28',NULL,3,5),(153,600.00,'2023-10-29',NULL,3,5),(154,600.00,'2023-10-30',NULL,3,5),(155,600.00,'2023-10-31',NULL,3,5),(156,600.00,'2023-11-01',NULL,3,5),(157,600.00,'2023-11-02',NULL,3,5),(158,600.00,'2023-11-03',NULL,3,5),(159,600.00,'2023-11-04',NULL,3,5),(160,600.00,'2023-11-05',NULL,3,5),(161,600.00,'2023-11-06',NULL,3,5),(162,600.00,'2023-11-07',NULL,3,5),(163,600.00,'2023-11-08',NULL,3,5),(164,600.00,'2023-11-09',NULL,3,5),(165,600.00,'2023-11-10',NULL,3,5),(166,600.00,'2023-11-11',NULL,3,5),(167,600.00,'2023-11-12',NULL,3,5),(168,600.00,'2023-11-13',NULL,3,5),(169,600.00,'2023-11-14',NULL,3,5),(170,600.00,'2023-11-15',NULL,3,5),(171,600.00,'2023-11-16',NULL,3,5),(172,600.00,'2023-11-17',NULL,3,5),(173,600.00,'2023-11-18',NULL,3,5),(174,600.00,'2023-11-19',NULL,3,5),(175,600.00,'2023-11-20',NULL,3,5),(176,600.00,'2023-11-21',NULL,3,5),(177,600.00,'2023-11-22',NULL,3,5),(178,600.00,'2023-11-23',NULL,3,5),(179,600.00,'2023-11-24',NULL,3,5),(180,600.00,'2023-11-25',NULL,3,5),(181,600.00,'2023-11-26',NULL,3,5),(182,600.00,'2023-11-27',NULL,3,5),(183,600.00,'2023-11-28',NULL,3,5),(184,600.00,'2023-11-29',NULL,3,5),(185,600.00,'2023-11-30',NULL,3,5),(186,600.00,'2023-11-30',NULL,3,5);
/*!40000 ALTER TABLE `tbl_prices` ENABLE KEYS */;
UNLOCK TABLES;

--
-- Table structure for table `tbl_subscribers`
--

DROP TABLE IF EXISTS `tbl_subscribers`;
/*!40101 SET @saved_cs_client     = @@character_set_client */;
/*!40101 SET character_set_client = utf8 */;
CREATE TABLE `tbl_subscribers` (
  `id` int(11) NOT NULL AUTO_INCREMENT,
  `full_name` varchar(255) DEFAULT NULL,
  `phone_number` varchar(255) NOT NULL,
  `location` varchar(255) DEFAULT NULL,
  `market` int(11) DEFAULT NULL,
  `active` tinyint(1) DEFAULT 0,
  `item` int(11) NOT NULL,
  PRIMARY KEY (`id`),
  KEY `market` (`market`),
  KEY `item` (`item`),
  CONSTRAINT `tbl_subscribers_ibfk_1` FOREIGN KEY (`market`) REFERENCES `tbl_markets` (`id`),
  CONSTRAINT `tbl_subscribers_ibfk_2` FOREIGN KEY (`item`) REFERENCES `tbl_items` (`id`)
) ENGINE=InnoDB AUTO_INCREMENT=2 DEFAULT CHARSET=utf8mb4 COLLATE=utf8mb4_unicode_ci;
/*!40101 SET character_set_client = @saved_cs_client */;

--
-- Dumping data for table `tbl_subscribers`
--

LOCK TABLES `tbl_subscribers` WRITE;
/*!40000 ALTER TABLE `tbl_subscribers` DISABLE KEYS */;
INSERT INTO `tbl_subscribers` VALUES (1,'alexander kisekka','+256752091697','kira',1,1,1);
/*!40000 ALTER TABLE `tbl_subscribers` ENABLE KEYS */;
UNLOCK TABLES;

--
-- Table structure for table `tbl_users`
--

DROP TABLE IF EXISTS `tbl_users`;
/*!40101 SET @saved_cs_client     = @@character_set_client */;
/*!40101 SET character_set_client = utf8 */;
CREATE TABLE `tbl_users` (
  `id` int(11) NOT NULL AUTO_INCREMENT,
  `username` varchar(255) NOT NULL,
  `email` varchar(255) NOT NULL,
  `password` varchar(255) NOT NULL,
  PRIMARY KEY (`id`),
  UNIQUE KEY `email` (`email`)
) ENGINE=InnoDB AUTO_INCREMENT=2 DEFAULT CHARSET=utf8mb4 COLLATE=utf8mb4_unicode_ci;
/*!40101 SET character_set_client = @saved_cs_client */;

--
-- Dumping data for table `tbl_users`
--

LOCK TABLES `tbl_users` WRITE;
/*!40000 ALTER TABLE `tbl_users` DISABLE KEYS */;
INSERT INTO `tbl_users` VALUES (1,'admin','admin@gmail.com','pbkdf2:sha256:600000$3ykbixxXrg5uNVpJ$8b8f19d43c4b0bcaf09df444cad6ddd472ad2d3febd07aea534a098d7f09eade');
/*!40000 ALTER TABLE `tbl_users` ENABLE KEYS */;
UNLOCK TABLES;
/*!40103 SET TIME_ZONE=@OLD_TIME_ZONE */;

/*!40101 SET SQL_MODE=@OLD_SQL_MODE */;
/*!40014 SET FOREIGN_KEY_CHECKS=@OLD_FOREIGN_KEY_CHECKS */;
/*!40014 SET UNIQUE_CHECKS=@OLD_UNIQUE_CHECKS */;
/*!40101 SET CHARACTER_SET_CLIENT=@OLD_CHARACTER_SET_CLIENT */;
/*!40101 SET CHARACTER_SET_RESULTS=@OLD_CHARACTER_SET_RESULTS */;
/*!40101 SET COLLATION_CONNECTION=@OLD_COLLATION_CONNECTION */;
/*!40111 SET SQL_NOTES=@OLD_SQL_NOTES */;

-- Dump completed on 2024-01-17 20:10:36
